Visitor id,Channel id,Device type,Bought,Order id,Product id,Pricing plan id,City id,Day of week (num),Day of week
1,4,Desktop,1,1,5,2,6,3,Wed
2,2,Desktop,1,2,2,1,8,2,Tue
3,5,Mobile,1,3,4,1,1,5,Fri
4,2,Mobile,1,4,5,2,1,1,Mon
5,1,Mobile,1,5,4,2,3,1,Mon
6,5,Desktop,1,6,3,3,1,5,Fri
7,2,Mobile,1,7,1,2,5,2,Tue
8,2,Desktop,1,8,,1,9,4,
9,4,Mobile,1,9,2,1,2,2,Tue
10,5,Mobile,1,10,1,2,6,6,Sat
11,3,Desktop,1,11,2,1,1,5,Fri
12,5,Desktop,1,12,1,1,6,2,Tue
13,Facebook,Mobile,1,13,2,2,2,5,Fri
14,5,Desktop,1,14,4,2,1,4,Thu
15,5,Desktop,1,15,5,1,2,1,Mon
16,,Mobile,1,16,5,2,8,1,Mon
17,1,Desktop,1,17,3,2,1,3,Wed
18,5,Mobile,1,18,1,3,3,6,Sat
19,1,Mobile,1,19,5,2,1,5,Fri
20,3,Mobile,1,20,2,1,4,6,Sat
21,4,Mobile,1,21,3,2,5,5,Fri
22,2,,1,22,2,2,2,5,Fri
23,2,Desktop,1,23,3,3,1,1,Mon
24,2,Mobile,1,24,2,1,1,2,Tue
25,2,Mobile,1,25,3,2,8,2,Tue
26,1,Desktop,1,26,1,3,5,2,Tue
27,4,Desktop,1,27,1,2,6,5,Fri
28,5,Desktop,1,28,3,2,1,5,Fri
29,,Desktop,1,29,2,2,6,3,Wed
30,1,Mobile,1,30,3,2,5,1,Mon
31,1,Desktop,1,31,2,2,1,4,Thu
32,1,Mobile,1,32,2,3,1,2,Tue
33,2,Mobile,1,33,2,2,1,Thu,4
34,4,Desktop,1,34,2,1,1,4,Thu
35,1,Desktop,1,35,4,3,6,5,Fri
36,2,Desktop,1,36,3,3,1,1,Mon
37,6,Mobile,1,37,2,2,3,6,Sat
38,,Desktop,1,38,2,1,1,4,Thu
39,5,Desktop,1,39,1,2,1,6,Sat
40,1,Desktop,1,40,1,2,3,5,Fri
41,2,Mobile,1,41,1,1,1,5,Fri
42,2,Desktop,1,42,2,3,1,6,Sat
43,1,Mobile,1,43,3,3,3,3,Wed
44,2,Mobile,1,44,2,2,2,2,Tue
45,2,Desktop,1,45,3,1,7,1,Mon
46,1,Desktop,1,46,3,2,7,5,Fri
47,5,Desktop,1,47,2,2,2,4,Thu
48,5,Desktop,1,48,5,2,8,2,Tue
49,2,Desktop,1,49,2,3,2,4,Thu
50,1,Mobile,1,50,1,2,2,2,Tue
51,4,Desktop,1,51,1,2,8,3,Wed
52,6,Mobile,1,52,5,3,1,1,Mon
53,2,Mobile,1,53,1,2,2,5,Fri
54,1,Mobile,1,54,2,1,1,4,Thu
55,,Desktop,1,55,4,2,1,5,Fri
56,2,Desktop,1,56,1,1,10,3,Wed
57,2,Mobile,1,57,3,2,1,1,Mon
58,1,Desktop,1,58,4,3,5,2,Tue
59,4,Desktop,1,59,1,2,8,7,Sun
60,2,Mobile,1,60,2,3,5,1,Mon
61,2,Mobile,1,61,5,3,1,3,Wed
62,2,Mobile,1,62,4,2,3,5,Fri
63,3,Desktop,1,63,2,2,5,6,Sat
64,4,Mobile,1,64,2,3,1,7,Sun
65,1,Desktop,1,65,4,1,1,Mon,1
66,1,Desktop,1,66,3,2,2,2,Tue
67,4,Mobile,1,67,2,2,6,1,Mon
68,2,Mobile,1,68,3,2,1,2,Tue
69,2,Mobile,1,69,2,1,2,2,Tue
70,12,Mobile,1,70,3,2,8,4,Thu
71,2,Mobile,1,71,2,2,4,1,Mon
72,6,Mobile,1,72,2,2,1,5,Fri
73,2,Desktop,1,73,2,3,2,6,Sat
74,2,Desktop,1,74,5,2,4,7,Sun
75,1,Mobile,1,75,5,2,1,5,Fri
76,,Mobile,1,76,3,2,1,3,Wed
77,2,Mobile,1,77,5,1,5,1,Mon
78,2,Desktop,1,78,3,2,8,1,Mon
79,1,Desktop,1,79,1,2,3,4,Thu
80,2,Mobile,1,80,3,3,1,2,Tue
81,2,Desktop,1,81,2,2,10,7,Sun
82,5,Mobile,1,82,3,1,2,1,Mon
83,4,Desktop,1,83,2,1,5,1,Mon
84,6,Desktop,1,84,1,2,9,1,Mon
85,2,Mobile,1,85,4,2,5,1,Mon
86,4,Desktop,1,86,4,2,10,5,Fri
87,2,Mobile,1,87,1,2,7,5,Fri
88,4,Mobile,1,88,1,2,1,3,Wed
89,1,Mobile,1,89,2,3,1,2,Tue
90,6,Mobile,1,90,2,2,1,5,Fri
91,2,Mobile,1,91,3,1,1,1,Mon
92,2,Desktop,1,92,2,2,2,6,Sat
93,,Mobile,1,93,,2,1,3,Wed
94,2,Mobile,1,94,3,2,3,1,Mon
95,5,Mobile,1,95,2,1,8,1,Mon
96,1,Desktop,1,96,2,2,1,7,Sun
97,2,Desktop,1,97,1,3,5,3,Wed
98,4,Mobile,1,98,2,2,1,4,Thu
99,1,Desktop,1,99,3,1,1,1,Mon
100,2,Mobile,1,100,3,2,3,2,Tue
101,3,Mobile,1,101,4,2,1,5,Fri
102,5,Desktop,1,102,3,3,3,2,Tue
103,6,Desktop,1,103,2,2,7,5,Fri
104,5,Mobile,1,104,2,2,10,5,Fri
105,1,Mobile,1,105,2,2,4,5,
106,2,Desktop,1,106,1,2,1,5,Fri
107,3,Desktop,1,107,2,3,1,5,Fri
108,4,Desktop,1,108,3,1,9,2,Tue
109,5,Mobile,1,109,3,2,7,4,Thu
110,1,Desktop,1,110,1,2,2,1,Mon
111,2,Desktop,1,111,5,1,1,1,Mon
112,2,Mobile,1,112,1,1,7,5,Fri
113,4,Desktop,1,113,2,1,1,2,Tue
114,2,Desktop,1,114,3,1,7,5,Fri
115,2,Desktop,1,115,4,1,1,1,Mon
116,4,Desktop,1,116,2,1,1,1,Mon
117,5,Mobile,1,117,2,2,8,6,Sat
118,2,Desktop,1,118,3,3,9,2,Tue
119,2,Mobile,1,119,2,1,7,5,Fri
120,1,Desktop,1,120,4,3,3,3,Wed
121,1,Desktop,1,121,1,1,5,1,Mon
122,6,Mobile,1,122,2,1,3,7,Sun
123,1,Desktop,1,123,3,1,5,1,Mon
124,4,Desktop,1,124,2,1,2,5,Fri
125,2,Mobile,1,125,2,3,2,1,Mon
126,1,Desktop,1,126,4,1,1,2,Tue
127,4,Mobile,1,127,1,2,8,4,Thu
128,2,Mobile,1,128,1,3,2,4,Thu
129,4,Mobile,1,129,3,1,1,2,Tue
130,1,Desktop,1,130,3,2,2,5,Fri
131,1,Mobile,1,131,5,1,1,3,Wed
132,4,Desktop,1,132,3,1,4,1,Mon
133,2,Mobile,1,133,3,2,1,3,Wed
134,2,Mobile,1,134,2,3,1,3,Wed
135,Facebook,Desktop,1,135,1,3,9,5,Fri
136,3,Desktop,1,136,1,2,1,5,Fri
137,2,Desktop,1,137,2,1,2,3,Wed
138,2,Mobile,1,138,3,2,4,1,Mon
139,1,Desktop,1,139,1,1,3,2,Tue
140,2,Desktop,1,140,3,3,3,2,Tue
141,4,Mobile,1,141,3,2,1,3,Wed
142,2,Desktop,1,142,2,2,2,5,Fri
143,1,Desktop,1,143,2,2,5,4,Thu
144,4,Desktop,1,144,2,3,1,1,Mon
145,2,Desktop,1,145,2,2,1,5,Fri
146,4,Mobile,1,146,3,2,5,1,Mon
147,2,Mobile,1,147,,1,10,2,Tue
148,4,Desktop,1,148,2,3,7,3,Wed
149,5,Desktop,1,149,1,2,8,5,Fri
150,1,Desktop,1,150,3,2,1,5,Fri
151,2,Mobile,1,151,2,1,3,5,Fri
152,4,Mobile,1,152,2,2,7,1,Mon
153,4,Desktop,1,153,5,2,8,3,Wed
154,5,Desktop,1,154,1,1,2,1,Mon
155,2,Mobile,1,155,2,3,1,2,Tue
156,3,Mobile,1,156,2,2,3,6,Sat
157,5,Desktop,1,157,2,2,1,3,Wed
158,4,Mobile,1,158,3,2,10,3,Wed
159,2,Mobile,1,159,1,3,7,1,Mon
160,Twitter,Mobile,1,160,3,2,7,7,Sun
161,6,Mobile,1,161,3,1,5,3,Wed
162,1,Mobile,1,162,1,1,1,2,Tue
163,1,Desktop,1,163,2,2,3,3,Wed
164,4,Mobile,1,164,5,3,1,6,Sat
165,1,Mobile,1,165,2,3,1,3,Wed
166,5,Mobile,1,166,4,1,9,1,Mon
167,2,Desktop,1,167,2,2,1,5,Fri
168,2,Desktop,1,168,2,2,1,4,Thu
169,5,Desktop,1,169,1,1,8,2,Tue
170,2,Desktop,1,170,2,2,8,3,Wed
171,6,Desktop,1,171,3,3,2,1,Mon
172,5,Mobile,1,172,2,2,1,2,Tue
173,2,Desktop,1,173,1,2,1,4,Thu
174,6,Mobile,1,174,2,1,2,6,Sat
175,1,Mobile,1,175,1,2,6,2,Tue
176,-3,Mobile,1,176,2,1,4,2,Tue
177,4,Desktop,1,177,2,2,7,1,Mon
178,1,Mobile,1,178,2,1,5,2,Tue
179,1,Mobile,1,179,2,3,8,1,Mon
180,3,Desktop,1,180,3,1,1,3,Wed
181,3,Mobile,1,181,2,2,10,5,Fri
182,2,Mobile,1,182,2,2,7,5,Fri
183,4,Desktop,1,183,1,2,1,5,Fri
184,1,Desktop,1,184,2,1,2,2,Tue
185,4,Desktop,1,185,3,1,3,3,Wed
186,2,Mobile,1,186,2,1,1,2,Tue
187,4,Mobile,1,187,1,2,1,4,Thu
188,5,Desktop,1,188,2,2,1,3,Wed
189,4,Mobile,1,189,5,3,2,1,Mon
190,2,Desktop,1,190,2,2,8,1,Mon
191,5,Mobile,1,191,3,3,2,3,Wed
192,4,Mobile,1,192,1,3,2,5,Fri
193,2,Mobile,1,193,3,1,2,2,Tue
194,4,Mobile,1,194,2,1,7,3,Wed
195,1,Mobile,1,195,3,1,9,5,Fri
196,1,Desktop,1,196,1,2,1,2,Tue
197,2,Desktop,1,197,2,2,2,4,Thu
198,5,Mobile,1,198,4,1,3,4,Thu
199,2,Mobile,1,199,2,2,3,6,Sat
200,3,Desktop,1,200,2,2,2,5,Fri
201,4,Mobile,1,201,2,3,3,5,Fri
202,1,Desktop,1,202,3,2,8,3,Wed
203,1,Desktop,1,203,2,3,4,1,Mon
204,2,Mobile,1,204,,1,1,6,Sat
205,1,Desktop,1,205,4,2,1,3,Wed
206,2,Desktop,1,206,2,1,2,7,Sun
207,2,Mobile,1,207,5,2,6,5,Fri
208,2,Desktop,1,208,4,2,2,7,Sun
209,2,Desktop,1,209,2,3,4,5,Fri
210,2,Desktop,1,210,1,1,1,5,Fri
211,1,Mobile,1,211,4,1,1,3,Wed
212,1,Desktop,1,212,1,2,1,2,Tue
213,1,Desktop,1,213,3,2,5,3,Wed
214,6,Desktop,1,214,2,1,3,5,Fri
215,4,Desktop,1,215,2,1,8,1,Mon
216,1,Desktop,1,216,3,2,4,5,Fri
217,2,Desktop,1,217,2,3,8,7,Sun
218,4,Mobile,1,218,1,1,1,5,Fri
219,4,Mobile,1,219,3,2,6,1,Mon
220,2,Mobile,1,220,3,1,9,1,Mon
221,1,Desktop,1,221,2,1,3,6,Sat
222,1,Desktop,1,222,1,1,8,4,Thu
223,2,Desktop,1,223,3,1,2,2,Tue
224,2,Mobile,1,224,3,2,1,5,Fri
225,1,Desktop,1,225,1,1,1,3,Wed
226,-6,Desktop,1,226,2,1,3,1,Mon
227,2,Mobile,1,227,2,1,7,1,Mon
228,1,Desktop,1,228,4,1,1,6,Sat
229,3,Desktop,1,229,2,3,9,5,Fri
230,2,Desktop,1,230,3,2,8,3,Wed
231,2,Desktop,1,231,3,2,3,5,Fri
232,6,Mobile,1,232,1,1,9,1,Mon
233,6,Mobile,1,233,2,3,1,6,Sat
234,Twitter,Mobile,1,234,2,2,2,5,Fri
235,2,Mobile,1,235,1,1,1,2,Tue
236,1,Desktop,1,236,3,1,2,2,Tue
237,2,Mobile,1,237,3,3,3,3,Wed
238,2,Mobile,1,238,2,1,7,7,Sun
239,4,Desktop,1,239,3,2,3,3,Wed
240,1,Desktop,1,240,5,2,1,6,Sat
241,3,Mobile,1,241,5,2,7,5,Fri
242,2,Mobile,1,242,2,1,1,5,Fri
243,6,Desktop,1,243,2,2,2,1,Mon
244,2,Mobile,1,244,5,2,3,1,Mon
245,2,Desktop,1,245,3,3,2,4,Thu
246,1,Desktop,1,246,2,3,4,1,Mon
247,1,Mobile,1,247,3,3,1,4,Thu
248,4,Mobile,1,248,2,2,3,4,Thu
249,2,Desktop,1,249,2,3,5,4,Thu
250,4,Desktop,1,250,2,2,1,4,Thu
251,4,Desktop,1,251,3,3,4,2,Tue
252,4,Mobile,1,252,2,2,6,4,Thu
253,5,Desktop,1,253,5,2,4,2,Tue
254,5,Mobile,1,254,2,2,7,1,Mon
255,1,Mobile,1,255,3,3,5,4,Thu
256,4,Mobile,1,256,1,2,3,3,Wed
257,4,Desktop,1,257,2,3,5,4,Thu
258,4,Desktop,1,258,3,1,5,7,Sun
259,4,Mobile,1,259,3,2,1,4,Thu
260,3,Desktop,1,260,3,1,2,3,Wed
261,4,Mobile,1,261,2,2,1,3,Wed
262,1,Desktop,1,262,4,3,1,2,Tue
263,Google Ads,Desktop,1,263,5,2,3,4,Thu
264,2,Desktop,1,264,2,2,6,3,Wed
265,4,Desktop,1,265,2,3,1,1,Mon
266,1,Mobile,1,266,1,1,2,1,Mon
267,1,Desktop,1,267,2,3,1,5,Fri
268,1,Mobile,1,268,3,3,3,5,Fri
269,2,Mobile,1,269,3,1,5,3,Wed
270,5,Desktop,1,270,1,1,3,4,Thu
271,2,Desktop,1,271,2,2,5,4,Thu
272,2,Desktop,1,272,2,2,1,1,Mon
273,1,Desktop,1,273,1,2,1,5,Fri
274,2,Mobile,1,274,4,2,1,4,Thu
275,2,Mobile,1,275,1,1,2,2,Tue
276,2,Desktop,1,276,3,3,1,4,Thu
277,5,Desktop,1,277,2,3,2,6,Sat
278,2,Desktop,1,278,3,1,10,5,Fri
279,4,Mobile,1,279,2,2,2,2,Tue
280,5,Mobile,1,280,1,2,3,6,Sat
281,2,Desktop,1,281,2,2,10,2,Tue
282,5,Mobile,1,282,3,3,9,1,Mon
283,4,Mobile,1,283,3,3,1,5,Fri
284,2,Desktop,1,284,1,2,2,3,Wed
285,4,Mobile,1,285,3,3,3,6,Sat
286,1,Mobile,1,286,2,1,2,4,Thu
287,2,Mobile,1,287,3,1,1,6,Sat
288,1,Desktop,1,288,3,1,2,2,Tue
289,4,Mobile,1,289,,3,1,1,Mon
290,1,Mobile,1,290,3,2,2,5,Fri
291,Twitter,Mobile,1,291,2,1,1,3,Wed
292,5,Mobile,1,292,3,2,1,3,Wed
293,1,Desktop,1,293,2,2,7,4,Thu
294,1,Desktop,1,294,3,2,1,5,Fri
295,3,Desktop,1,295,5,3,10,6,Sat
296,6,Mobile,1,296,5,1,10,7,Sun
297,6,Desktop,1,297,2,2,4,5,Fri
298,1,Desktop,1,298,3,2,1,1,Mon
299,2,Mobile,1,299,1,2,2,6,Sat
300,2,Desktop,1,300,3,3,4,1,Mon
301,5,Mobile,1,301,3,1,3,2,Tue
302,6,Mobile,1,302,2,3,1,2,Tue
303,5,Desktop,1,303,2,2,3,1,Mon
304,Google Ads,Mobile,1,304,2,1,3,5,Fri
305,1,Mobile,1,305,2,3,4,2,Tue
306,2,Desktop,1,306,3,2,1,3,Wed
307,5,Mobile,1,307,3,1,1,5,Fri
308,2,Desktop,1,308,2,1,1,4,Thu
309,1,Desktop,1,309,2,2,2,5,Fri
310,2,Desktop,1,310,4,2,6,3,Wed
311,2,Mobile,1,311,2,2,1,2,Tue
312,1,Desktop,1,312,4,3,2,1,Mon
313,2,Desktop,1,313,2,3,1,5,Fri
314,4,Mobile,1,314,1,2,6,6,Sat
315,4,Mobile,1,315,3,2,9,7,Sun
316,1,Mobile,1,316,1,1,1,3,Wed
317,2,Desktop,1,317,1,3,7,5,Fri
318,5,Mobile,1,318,3,2,6,4,Thu
319,1,Desktop,1,319,3,3,4,4,Thu
320,3,Desktop,1,320,3,1,5,3,Wed
321,1,Mobile,1,321,1,2,2,4,Thu
322,2,Mobile,1,322,2,2,1,5,Fri
323,1,Desktop,1,323,5,2,1,4,Thu
324,1,Desktop,1,324,2,2,2,6,Sat
325,2,Desktop,1,325,5,1,6,7,Sun
326,2,Mobile,1,326,4,2,7,5,Fri
327,2,Desktop,1,327,1,1,1,1,Mon
328,2,Mobile,1,328,4,2,1,1,Mon
329,10,Mobile,1,329,1,3,4,1,Mon
330,2,Desktop,1,330,5,2,6,2,Tue
331,5,Mobile,1,331,2,1,1,2,Tue
332,1,Desktop,1,332,4,2,1,6,Sat
333,2,Desktop,1,333,2,3,2,5,Fri
334,4,Desktop,1,334,3,2,10,4,Thu
335,2,Desktop,1,335,4,2,6,2,Tue
336,2,Desktop,1,336,3,1,10,4,Thu
337,5,Desktop,1,337,1,3,10,2,Tue
338,1,Desktop,1,338,3,2,1,2,Tue
339,1,Desktop,1,339,4,1,3,2,Tue
340,1,Mobile,1,340,1,3,4,7,Sun
341,4,Mobile,1,341,1,2,2,1,Mon
342,2,Mobile,1,342,1,2,1,5,Fri
343,2,Desktop,1,343,4,2,8,4,Thu
344,2,Desktop,1,344,4,2,2,1,Mon
345,4,Desktop,1,345,3,2,6,1,Mon
346,5,Mobile,1,346,1,2,3,4,Thu
347,1,Desktop,1,347,1,2,2,3,Wed
348,1,Mobile,1,348,3,1,6,5,Fri
349,5,Desktop,1,349,5,2,6,6,Sat
350,4,Desktop,1,350,1,2,1,5,Fri
351,Google Ads,Mobile,1,351,2,1,6,1,Mon
352,3,Mobile,1,352,5,2,8,5,Fri
353,2,Desktop,1,353,2,1,1,2,Tue
354,5,Mobile,1,354,2,2,3,6,Sat
355,4,Desktop,1,355,2,1,9,5,Fri
356,6,Mobile,1,356,1,1,3,1,Mon
357,1,Desktop,1,357,3,2,3,6,Sat
358,6,Desktop,1,358,1,2,1,2,Tue
359,2,Mobile,1,359,5,2,6,4,Thu
360,4,Desktop,1,360,1,2,7,3,Wed
361,5,Desktop,1,361,2,1,10,7,Sun
362,4,Desktop,1,362,4,2,1,7,Sun
363,1,Desktop,1,363,2,2,1,6,Sat
364,1,Desktop,1,364,1,2,1,1,Mon
365,4,Mobile,1,365,4,1,2,3,Wed
366,NaN,Desktop,1,366,4,1,3,3,Wed
367,2,Desktop,1,367,2,2,2,1,Mon
368,5,Desktop,1,368,3,3,10,1,Mon
369,6,Desktop,1,369,3,3,6,4,Thu
370,1,Mobile,1,370,3,2,7,5,Fri
371,Twitter,Mobile,1,371,4,2,2,3,Wed
372,1,Mobile,1,372,2,1,3,4,Thu
373,1,Desktop,1,373,2,2,2,3,Wed
374,2,Desktop,1,374,4,3,6,5,Fri
375,6,Desktop,1,375,4,2,2,2,Tue
376,1,Desktop,1,376,2,1,8,1,Mon
377,4,Desktop,1,377,1,2,4,1,Mon
378,6,Mobile,1,378,4,2,5,7,Sun
379,2,Mobile,1,379,2,2,10,5,Fri
380,5,Desktop,1,380,2,1,1,3,Wed
381,3,Desktop,1,381,4,1,7,4,Thu
382,2,Mobile,1,382,2,1,1,6,Sat
383,6,Desktop,1,383,2,2,3,2,Tue
384,5,Desktop,1,384,4,1,3,3,Wed
385,3,Mobile,1,385,2,2,10,4,Thu
386,1,Mobile,1,386,1,1,2,5,Fri
387,4,Mobile,1,387,3,2,6,5,Fri
388,3,Desktop,1,388,2,1,8,3,Wed
389,1,Desktop,1,389,3,2,1,5,Fri
390,2,Mobile,1,390,3,1,10,1,Mon
391,2,Desktop,1,391,4,1,10,3,Wed
392,2,Desktop,1,392,1,3,1,6,Sat
393,4,Desktop,1,393,3,2,5,5,Fri
394,3,Desktop,1,394,3,1,1,2,Tue
395,1,Mobile,1,395,4,3,2,1,Mon
396,5,Desktop,1,396,4,2,1,5,Fri
397,Google Ads,Desktop,1,397,2,1,6,7,Sun
398,1,Desktop,1,398,1,2,1,3,Wed
399,Google Ads,Desktop,1,399,4,1,5,5,Fri
400,1,Mobile,1,400,3,3,1,5,Fri
401,5,Mobile,1,401,1,3,1,7,Sun
402,2,Mobile,1,402,1,2,3,5,Fri
403,5,Mobile,1,403,1,1,8,3,Wed
404,2,Mobile,1,404,3,3,2,4,Thu
405,1,Desktop,1,405,2,1,6,1,Mon
406,4,Mobile,1,406,3,2,9,2,Tue
407,2,Desktop,1,407,4,1,10,1,Mon
408,1,Mobile,1,408,,1,9,4,Thu
409,2,Desktop,1,409,1,1,7,5,Fri
410,5,Desktop,1,410,4,2,1,6,Sat
411,5,Desktop,1,411,4,2,8,4,Thu
412,2,Mobile,1,412,2,2,9,1,Mon
413,1,Desktop,1,413,2,1,2,5,Fri
414,2,Desktop,1,414,2,3,8,5,Fri
415,4,Desktop,1,415,2,3,2,1,Mon
416,2,Desktop,1,416,5,2,3,6,Sat
417,6,Mobile,1,417,4,3,2,2,Tue
418,2,Mobile,1,418,3,2,2,7,Sun
419,2,Desktop,1,419,2,2,2,5,Fri
420,1,Mobile,1,420,1,1,10,7,Sun
421,4,Mobile,1,421,2,2,1,7,Sun
422,2,Desktop,1,422,2,2,6,5,Fri
423,2,Desktop,1,423,3,1,1,4,Thu
424,6,Mobile,1,424,3,3,1,2,Tue
425,1,Mobile,1,425,1,1,1,2,Tue
426,6,Desktop,1,426,2,1,3,3,Wed
427,Twitter,Desktop,1,427,2,2,1,1,Mon
428,5,Mobile,1,428,2,2,1,4,Thu
429,2,Desktop,1,429,3,1,3,4,Thu
430,2,Mobile,1,430,3,1,8,1,Mon
431,5,Mobile,1,431,4,3,1,3,Wed
432,5,Desktop,1,432,2,1,1,1,Mon
433,4,Desktop,1,433,4,2,3,1,Mon
434,2,Desktop,1,434,2,2,3,4,Thu
435,4,Desktop,1,435,2,2,1,3,Wed
436,2,Desktop,1,436,2,1,4,4,Thu
437,1,Mobile,1,437,3,2,8,1,Mon
438,2,Mobile,1,438,1,1,8,5,Fri
439,2,Mobile,1,439,2,2,6,3,Wed
440,6,Desktop,1,440,1,3,2,3,Wed
441,6,Desktop,1,441,3,1,2,5,Fri
442,2,Desktop,1,442,4,2,1,7,Sun
443,5,Desktop,1,443,5,1,3,3,Wed
444,1,Mobile,1,444,3,1,2,3,Wed
445,2,Mobile,1,445,3,3,2,5,Fri
446,6,Mobile,1,446,1,2,8,7,Sun
447,2,Mobile,1,447,1,2,3,3,Wed
448,4,Mobile,1,448,2,1,4,2,Tue
449,5,Desktop,1,449,2,2,4,5,Fri
450,5,Desktop,1,450,2,1,1,1,Mon
451,5,Desktop,1,451,2,3,1,1,Mon
452,2,Mobile,1,452,,2,3,4,Thu
453,2,Desktop,1,453,3,1,2,3,Wed
454,2,Desktop,1,454,2,2,2,2,Tue
455,1,Desktop,1,455,2,2,7,3,Wed
456,5,Mobile,1,456,1,2,9,5,Fri
457,2,Desktop,1,457,2,3,9,1,Mon
458,6,Desktop,1,458,3,2,3,4,Thu
459,1,Desktop,1,459,5,3,2,3,Wed
460,2,Desktop,1,460,2,2,7,2,Tue
461,2,Desktop,1,461,2,3,1,1,Mon
462,2,Mobile,1,462,2,1,2,6,Sat
463,4,Mobile,1,463,1,1,1,3,Wed
464,1,Mobile,1,464,1,3,5,2,Tue
465,3,Mobile,1,465,2,2,1,1,Mon
466,5,Mobile,1,466,5,2,1,3,Wed
467,4,Mobile,1,467,4,1,1,1,Mon
468,1,Mobile,1,468,4,3,3,6,Sat
469,3,Desktop,1,469,4,2,3,5,Fri
470,6,Desktop,1,470,4,3,2,1,Mon
471,2,Mobile,1,471,1,1,1,2,Tue
472,2,Desktop,1,472,2,2,10,4,Thu
473,3,Desktop,1,473,1,2,1,2,Tue
474,2,Mobile,1,474,2,2,9,5,Fri
475,3,Mobile,1,475,3,2,4,1,Mon
476,2,Desktop,1,476,4,1,6,4,Thu
477,2,Mobile,1,477,2,1,2,1,Mon
478,2,Mobile,1,478,3,2,10,5,Fri
479,5,Desktop,1,479,2,2,1,2,Tue
480,2,Desktop,1,480,2,1,1,1,Mon
481,2,Mobile,1,481,2,1,5,4,Thu
482,4,Desktop,1,482,2,2,6,5,Fri
483,4,Mobile,1,483,3,1,1,4,Thu
484,4,Mobile,1,484,5,2,10,4,Thu
485,2,Desktop,1,485,3,2,3,4,Thu
486,1,Mobile,1,486,3,1,4,2,Tue
487,5,Desktop,1,487,3,2,1,3,Wed
488,6,Desktop,1,488,4,3,4,2,Tue
489,6,Mobile,1,489,5,1,6,1,Mon
490,6,Desktop,1,490,1,1,10,2,Tue
491,2,Desktop,1,491,2,3,4,2,Tue
492,1,Desktop,1,492,3,1,3,3,Wed
493,1,Desktop,1,493,1,2,1,5,Fri
494,1,Desktop,1,494,1,1,5,5,Fri
495,6,Mobile,1,495,3,1,8,3,Wed
496,1,Desktop,1,496,2,2,9,2,Tue
497,1,Mobile,1,497,1,2,10,1,Mon
498,4,Desktop,1,498,2,2,8,1,Mon
499,1,Desktop,1,499,2,3,9,1,Mon
500,2,Mobile,1,500,3,2,1,7,Sun
501,3,Desktop,0,-1,-1,-1,4,7,Sun
502,1,Mobile,0,-1,-1,-1,1,4,Thu
503,2,Mobile,0,-1,-1,-1,2,1,Mon
504,2,Desktop,0,-1,-1,-1,5,2,Tue
505,5,Mobile,0,-1,-1,-1,4,1,Mon
506,1,Mobile,0,-1,-1,-1,4,4,Thu
507,4,Desktop,0,-1,-1,-1,2,4,Thu
508,4,Desktop,0,-1,-1,-1,2,2,Tue
509,2,Desktop,0,-1,-1,-1,3,3,Wed
510,2,Mobile,0,-1,-1,-1,1,2,Tue
511,3,Mobile,0,-1,-1,-1,9,2,Tue
512,4,Mobile,0,-1,-1,-1,1,2,Tue
513,2,Desktop,0,-1,-1,-1,1,6,Sat
514,1,Mobile,0,-1,-1,-1,1,7,Sun
515,2,Mobile,0,-1,-1,-1,1,2,Tue
516,2,Desktop,0,-1,-1,-1,4,5,Fri
517,2,Mobile,0,-1,-1,-1,10,7,Sun
518,1,Desktop,0,-1,-1,-1,5,1,Mon
519,1,Mobile,0,-1,-1,-1,2,3,Wed
520,5,Desktop,0,-1,-1,-1,3,2,Tue
521,2,Desktop,0,-1,-1,-1,2,6,Sat
522,1,Desktop,0,-1,-1,-1,3,1,Mon
523,2,Desktop,0,-1,-1,-1,8,1,Mon
524,4,Desktop,0,-1,-1,-1,2,1,Mon
525,5,Mobile,0,-1,-1,-1,2,7,Sun
526,2,Mobile,0,-1,-1,-1,4,1,Mon
527,2,Mobile,0,-1,-1,-1,3,4,Thu
528,2,Mobile,0,-1,-1,-1,9,7,Sun
529,5,Mobile,0,-1,-1,-1,10,7,Sun
530,1,Desktop,0,-1,-1,-1,10,1,Mon
531,5,Mobile,0,-1,-1,-1,6,4,Thu
532,4,Desktop,0,-1,-1,-1,6,6,Sat
533,1,Desktop,0,-1,-1,-1,9,6,Sat
534,1,Desktop,0,-1,-1,-1,3,4,Thu
535,2,Mobile,0,-1,-1,-1,4,2,Tue
536,2,Mobile,0,-1,-1,-1,1,4,Thu
537,2,Desktop,0,-1,-1,-1,4,3,Wed
538,3,Mobile,0,-1,-1,-1,2,1,Mon
539,2,Mobile,0,-1,-1,-1,4,5,Fri
540,5,Desktop,0,-1,-1,-1,10,2,Tue
541,4,Desktop,0,-1,-1,-1,2,6,Sat
542,4,Mobile,0,-1,-1,-1,1,1,Mon
543,4,Desktop,0,-1,-1,-1,6,2,Tue
544,4,Desktop,0,-1,-1,-1,8,7,Sun
545,2,Desktop,0,-1,-1,-1,1,5,Fri
546,2,Mobile,0,-1,-1,-1,8,1,Mon
547,3,Desktop,0,-1,-1,-1,9,2,Tue
548,1,Mobile,0,-1,-1,-1,6,1,Mon
549,2,Desktop,0,-1,-1,-1,3,4,Thu
550,2,Mobile,0,-1,-1,-1,3,3,Wed
551,3,Desktop,0,-1,-1,-1,10,1,Mon
552,2,Mobile,0,-1,-1,-1,4,1,Mon
553,5,Mobile,0,-1,,-1,4,1,Mon
554,2,Mobile,0,-1,-1,-1,9,5,Fri
555,2,Desktop,0,-1,-1,-1,5,3,Wed
556,1,Mobile,0,-1,-1,-1,2,6,Sat
557,2,Desktop,0,-1,-1,-1,6,4,Thu
558,2,Mobile,0,-1,-1,-1,9,6,Sat
559,2,Desktop,0,-1,-1,-1,7,4,Thu
560,1,Mobile,0,-1,-1,-1,10,5,Fri
561,3,Mobile,0,-1,-1,-1,3,6,Sat
562,5,Mobile,0,-1,-1,-1,4,4,Thu
563,5,Desktop,0,-1,-1,-1,1,5,Fri
564,1,Desktop,0,-1,-1,-1,7,7,Sun
565,2,Desktop,0,-1,,-1,3,1,Mon
566,4,Mobile,0,-1,-1,-1,4,1,Mon
567,,Desktop,0,-1,-1,-1,9,4,Thu
568,2,Mobile,0,-1,-1,-1,6,7,Sun
569,1,Mobile,0,-1,-1,-1,7,3,Wed
570,2,Mobile,0,-1,-1,-1,10,5,Fri
571,4,Mobile,0,-1,-1,-1,1,2,Tue
572,4,Mobile,0,-1,-1,-1,1,2,Tue
573,1,Mobile,0,-1,-1,-1,7,7,Sun
574,3,Desktop,0,-1,-1,-1,6,2,Tue
575,2,Desktop,0,-1,-1,-1,1,4,Thu
576,1,Mobile,0,-1,-1,-1,8,5,Fri
577,5,Desktop,0,-1,-1,-1,10,2,Tue
578,1,Desktop,0,-1,-1,-1,1,1,Mon
579,1,Mobile,0,-1,-1,-1,4,4,Thu
580,6,Mobile,0,-1,-1,-1,2,6,Sat
581,2,Desktop,0,-1,-1,-1,9,1,Mon
582,1,Desktop,0,-1,-1,-1,8,1,Mon
583,1,Mobile,0,-1,-1,-1,9,7,Sun
584,4,Desktop,0,-1,-1,-1,7,2,Tue
585,4,Mobile,0,-1,-1,-1,5,2,Tue
586,5,Desktop,0,-1,-1,-1,6,7,Sun
587,2,Mobile,0,-1,-1,-1,1,1,Mon
588,1,Desktop,0,-1,-1,-1,8,1,Mon
589,1,Mobile,0,-1,-1,-1,8,2,Tue
590,2,Mobile,0,-1,-1,-1,1,3,Wed
591,3,Desktop,0,-1,-1,-1,1,6,Sat
592,4,Mobile,0,-1,-1,-1,6,6,Sat
593,5,Desktop,0,-1,-1,-1,7,2,Tue
594,2,Mobile,0,-1,-1,-1,3,6,Sat
595,2,Mobile,0,-1,-1,-1,3,1,Mon
596,5,Desktop,0,-1,-1,-1,10,4,Thu
597,2,Mobile,0,-1,-1,-1,1,5,Fri
598,4,Desktop,0,-1,-1,-1,4,2,Tue
599,5,Desktop,0,-1,-1,-1,5,1,Mon
600,2,Desktop,0,-1,-1,-1,2,4,Thu
601,2,Desktop,0,-1,-1,-1,6,4,Thu
602,2,Mobile,0,-1,-1,-1,3,1,Mon
603,6,Desktop,0,-1,-1,-1,9,3,Wed
604,4,Mobile,0,-1,-1,-1,4,5,Fri
605,3,Mobile,0,-1,-1,-1,6,1,Mon
606,4,Desktop,0,-1,-1,-1,2,3,Wed
607,2,Mobile,0,-1,-1,-1,6,7,Sun
608,2,Desktop,0,-1,-1,-1,8,2,Tue
609,2,Desktop,0,-1,-1,-1,8,7,Sun
610,3,Mobile,0,-1,-1,-1,1,2,Tue
611,4,Mobile,0,-1,-1,-1,5,7,Sun
612,1,Desktop,0,-1,-1,-1,5,6,Sat
613,2,Mobile,0,-1,-1,-1,3,5,Fri
614,2,Desktop,0,-1,-1,-1,4,7,Sun
615,2,Desktop,0,-1,,-1,2,1,Mon
616,2,Desktop,0,-1,-1,-1,10,6,Sat
617,1,Desktop,0,-1,-1,-1,10,6,Sat
618,4,Mobile,0,-1,-1,-1,8,7,Sun
619,1,Desktop,0,-1,-1,-1,6,3,Wed
620,3,Mobile,0,-1,-1,-1,4,2,Tue
621,4,Desktop,0,-1,-1,-1,6,3,Wed
622,4,Mobile,0,-1,-1,-1,7,4,Thu
623,2,Mobile,0,-1,-1,-1,9,4,Thu
624,4,Desktop,0,-1,-1,-1,4,2,Tue
625,4,Desktop,0,-1,-1,-1,10,1,Mon
626,2,Desktop,0,-1,-1,-1,4,1,Mon
627,1,Mobile,0,-1,-1,-1,5,3,Wed
628,2,Desktop,0,-1,-1,-1,7,5,Fri
629,2,Desktop,0,-1,-1,-1,2,7,Sun
630,1,Desktop,0,-1,-1,-1,5,3,Wed
631,3,Desktop,0,-1,-1,-1,1,7,Sun
632,2,Desktop,0,-1,-1,-1,6,5,Fri
633,1,Desktop,0,-1,-1,-1,6,7,Sun
634,1,Desktop,0,-1,-1,-1,2,3,Wed
635,2,Desktop,0,-1,-1,-1,10,2,Tue
636,1,Mobile,0,-1,-1,-1,4,6,Sat
637,1,Desktop,0,-1,-1,-1,9,7,Sun
638,2,Mobile,0,-1,-1,-1,6,7,Sun
639,2,Desktop,0,-1,-1,-1,2,6,Sat
640,2,Desktop,0,-1,-1,-1,4,6,Sat
641,5,Desktop,0,-1,-1,-1,2,3,Wed
642,2,Mobile,0,-1,-1,-1,1,4,Thu
643,1,Mobile,0,-1,-1,-1,2,4,Thu
644,6,Desktop,0,-1,-1,-1,8,4,Thu
645,3,Desktop,0,-1,-1,-1,7,3,Wed
646,4,Desktop,0,-1,-1,-1,4,6,Sat
647,4,Desktop,0,-1,-1,-1,1,7,Sun
648,3,Mobile,0,-1,-1,-1,3,2,Tue
649,2,Desktop,0,-1,-1,-1,3,7,Sun
650,4,Mobile,0,-1,-1,-1,4,1,Mon
651,6,Mobile,0,-1,-1,-1,10,4,Thu
652,2,Mobile,0,-1,-1,-1,5,3,Wed
653,2,Desktop,0,-1,-1,-1,5,5,Fri
654,2,Mobile,0,-1,-1,-1,10,1,Mon
655,2,Desktop,0,-1,-1,-1,8,4,Thu
656,5,Desktop,0,-1,-1,-1,4,7,Sun
657,1,Mobile,0,-1,-1,-1,10,6,Sat
658,2,Mobile,0,-1,-1,-1,10,6,Sat
659,2,Desktop,0,-1,-1,-1,7,3,Wed
660,2,Desktop,0,-1,-1,-1,8,5,Fri
661,2,Desktop,0,-1,-1,-1,9,7,Sun
662,1,Desktop,0,-1,-1,-1,3,5,Fri
663,2,Desktop,0,-1,-1,-1,5,6,Sat
664,2,Mobile,0,-1,-1,-1,8,7,Sun
665,1,Desktop,0,-1,-1,-1,5,1,Mon
666,2,Mobile,0,-1,-1,-1,10,7,Sun
667,2,Mobile,0,-1,-1,-1,9,5,Fri
668,6,Mobile,0,-1,-1,-1,4,1,Mon
669,1,Desktop,0,-1,-1,-1,7,4,Thu
670,2,Mobile,0,-1,-1,-1,10,4,Thu
671,2,Desktop,0,-1,-1,-1,5,1,Mon
672,1,Desktop,0,-1,-1,-1,3,3,Wed
673,1,Desktop,0,-1,-1,-1,4,7,Sun
674,2,Mobile,0,-1,-1,-1,4,1,Mon
675,3,Desktop,0,-1,-1,-1,1,1,Mon
676,4,Mobile,0,-1,-1,-1,5,7,Sun
677,1,Mobile,0,-1,-1,-1,1,1,Mon
678,5,Mobile,0,-1,-1,-1,8,5,Fri
679,1,Desktop,0,-1,-1,-1,3,4,Thu
680,4,Mobile,0,-1,-1,-1,8,1,Mon
681,1,Desktop,0,-1,-1,-1,1,6,Sat
682,4,Desktop,0,-1,-1,-1,10,6,Sat
683,2,Desktop,0,-1,-1,-1,8,7,Sun
684,2,Desktop,0,-1,-1,-1,6,1,Mon
685,1,Mobile,0,-1,-1,-1,9,6,Sat
686,1,Mobile,0,-1,-1,-1,5,6,Sat
687,3,Desktop,0,-1,-1,-1,8,3,Wed
688,4,Mobile,0,-1,-1,-1,9,1,Mon
689,2,Mobile,0,-1,-1,-1,7,5,Fri
690,2,Desktop,0,-1,-1,-1,7,4,Thu
691,5,Mobile,0,-1,-1,-1,8,3,Wed
692,4,Desktop,0,-1,-1,-1,10,7,Sun
693,5,Mobile,0,-1,-1,-1,1,2,Tue
694,1,Desktop,0,-1,-1,-1,2,5,Fri
695,5,Desktop,0,-1,-1,-1,5,6,Sat
696,2,Mobile,0,-1,-1,-1,9,4,Thu
697,2,Mobile,0,-1,-1,-1,5,3,Wed
698,4,Desktop,0,-1,-1,-1,10,2,Tue
699,1,Mobile,0,-1,-1,-1,9,7,Sun
700,1,Desktop,0,-1,-1,-1,10,7,Sun
701,5,Mobile,0,-1,-1,-1,7,1,Mon
702,2,Desktop,0,-1,-1,-1,6,5,Fri
703,6,Desktop,0,-1,-1,-1,6,4,Thu
704,4,Desktop,0,-1,-1,-1,1,5,Fri
705,2,Mobile,0,-1,-1,-1,8,2,Tue
706,5,Desktop,0,-1,-1,-1,9,6,Sat
707,6,Desktop,0,-1,-1,-1,6,5,Fri
708,2,Desktop,0,-1,-1,-1,2,3,Wed
709,1,Mobile,0,-1,-1,-1,1,5,Fri
710,2,Desktop,0,-1,-1,-1,9,4,Thu
711,1,Mobile,0,-1,-1,-1,10,2,Tue
712,2,Mobile,0,-1,-1,-1,10,4,Thu
713,4,Desktop,0,-1,-1,-1,6,7,Sun
714,1,Mobile,0,-1,-1,-1,8,6,Sat
715,2,Mobile,0,-1,-1,-1,6,1,Mon
716,2,Mobile,0,-1,-1,-1,6,4,Thu
717,1,Mobile,0,-1,-1,-1,5,4,Thu
718,2,Mobile,0,-1,-1,-1,7,7,Sun
719,4,Mobile,0,-1,-1,-1,5,1,Mon
720,4,Mobile,0,-1,-1,-1,1,7,Sun
721,2,Mobile,0,-1,-1,-1,10,5,Fri
722,1,Mobile,0,-1,-1,-1,5,1,Mon
723,1,Desktop,0,-1,-1,-1,2,4,Thu
724,2,Mobile,0,-1,-1,-1,5,4,Thu
725,3,Mobile,0,-1,-1,-1,7,2,Tue
726,4,Desktop,0,-1,-1,-1,10,3,Wed
727,1,Mobile,0,-1,-1,-1,10,7,Sun
728,2,Mobile,0,-1,-1,-1,8,7,Sun
729,1,Mobile,0,-1,-1,-1,10,5,Fri
730,1,Desktop,0,-1,-1,-1,8,3,Wed
731,4,Desktop,0,-1,-1,-1,7,1,Mon
732,2,Desktop,0,-1,-1,-1,6,4,Thu
733,5,Mobile,0,-1,-1,-1,2,5,Fri
734,3,,0,-1,-1,-1,8,6,Sat
735,2,Mobile,0,-1,-1,-1,6,2,Tue
736,5,Mobile,0,-1,-1,-1,6,7,Sun
737,4,Desktop,0,-1,-1,-1,4,7,Sun
738,3,Mobile,0,-1,-1,-1,3,2,Tue
739,4,Desktop,0,-1,-1,-1,10,4,Thu
740,3,Mobile,0,-1,-1,-1,4,2,Tue
741,4,Desktop,0,-1,-1,-1,5,3,Wed
742,6,Desktop,0,-1,-1,-1,4,3,Wed
743,4,Mobile,0,-1,-1,-1,7,7,Sun
744,,Mobile,0,-1,-1,-1,1,3,Wed
745,5,Mobile,0,-1,-1,-1,6,1,Mon
746,1,Mobile,0,-1,-1,-1,6,6,Sat
747,2,Mobile,0,-1,-1,-1,4,5,Fri
748,4,Desktop,0,-1,-1,-1,10,6,Sat
749,2,Mobile,0,-1,-1,-1,8,1,Mon
750,2,Mobile,0,-1,-1,-1,10,4,Thu
751,2,Desktop,0,-1,-1,-1,9,4,Thu
752,1,Mobile,0,-1,-1,-1,9,4,Thu
753,3,Mobile,0,-1,-1,-1,2,1,Mon
754,5,Desktop,0,-1,-1,-1,9,4,Thu
755,4,Mobile,0,-1,-1,-1,7,7,Sun
756,1,Mobile,0,-1,-1,-1,9,3,Wed
757,1,Desktop,0,-1,-1,-1,10,1,Mon
758,2,Desktop,0,-1,-1,-1,2,7,Sun
759,1,Desktop,0,-1,-1,-1,7,6,Sat
760,1,Mobile,0,-1,-1,-1,3,3,Wed
761,6,Desktop,0,-1,-1,-1,5,2,Tue
762,3,Desktop,0,-1,-1,-1,9,7,Sun
763,2,Mobile,0,-1,-1,-1,4,2,Tue
764,1,Desktop,0,-1,-1,-1,10,3,Wed
765,6,Mobile,0,-1,-1,-1,4,7,Sun
766,4,Desktop,0,-1,-1,-1,9,3,Wed
767,5,Desktop,0,-1,-1,-1,10,7,Sun
768,2,Mobile,0,-1,-1,-1,7,4,Thu
769,2,Mobile,0,-1,-1,-1,4,2,Tue
770,5,Desktop,0,-1,-1,-1,3,7,Sun
771,2,Mobile,0,-1,-1,-1,6,3,Wed
772,2,Desktop,0,-1,-1,-1,8,6,Sat
773,4,Mobile,0,-1,-1,-1,6,1,Mon
774,2,Mobile,0,-1,-1,-1,7,4,Thu
775,5,Mobile,0,-1,-1,-1,4,4,Thu
776,1,Mobile,0,-1,-1,-1,3,7,Sun
777,2,Desktop,0,-1,-1,-1,10,1,Mon
778,2,,0,-1,-1,-1,9,7,
779,4,Mobile,0,-1,-1,-1,5,3,Wed
780,6,Desktop,0,-1,-1,-1,4,4,Thu
781,4,Desktop,0,-1,-1,-1,2,1,Mon
782,1,Mobile,0,-1,-1,-1,8,3,Wed
783,2,Mobile,0,-1,-1,-1,6,6,Sat
784,1,Mobile,0,-1,-1,-1,6,3,Wed
785,1,Mobile,0,-1,-1,-1,6,5,Fri
786,5,Mobile,0,-1,-1,-1,9,6,Sat
787,2,Desktop,0,-1,-1,-1,3,6,Sat
788,1,Mobile,0,-1,-1,-1,3,7,Sun
789,2,Desktop,0,-1,-1,-1,4,3,Wed
790,1,Mobile,0,-1,-1,-1,1,7,Sun
791,1,Mobile,0,-1,-1,-1,8,5,Fri
792,4,Desktop,0,-1,-1,-1,10,4,Thu
793,2,Desktop,0,-1,-1,-1,2,6,Sat
794,4,Desktop,0,-1,-1,-1,1,2,Tue
795,4,Desktop,0,-1,-1,-1,7,1,Mon
796,2,Desktop,0,-1,-1,-1,1,6,Sat
797,1,Desktop,0,-1,-1,-1,9,6,Sat
798,1,Mobile,0,-1,-1,-1,1,2,Tue
799,2,Desktop,0,-1,-1,-1,8,5,Fri
800,2,Desktop,0,-1,-1,-1,7,4,Thu
801,2,Mobile,0,-1,-1,-1,4,6,Sat
802,6,Mobile,0,-1,-1,-1,9,6,Sat
803,1,Desktop,0,-1,-1,-1,6,4,Thu
804,1,Desktop,0,-1,-1,-1,2,4,Thu
805,1,Desktop,0,-1,-1,-1,10,1,Mon
806,1,Mobile,0,-1,-1,-1,4,6,Sat
807,6,Mobile,0,-1,-1,-1,8,5,Fri
808,5,Desktop,0,-1,-1,-1,3,3,
809,6,Desktop,0,-1,-1,-1,7,2,Tue
810,2,Desktop,0,-1,-1,-1,6,5,Fri
811,2,Desktop,0,-1,-1,-1,8,4,Thu
812,2,Desktop,0,-1,-1,-1,9,7,Sun
813,4,Mobile,0,-1,-1,-1,8,6,Sat
814,6,Mobile,0,-1,-1,-1,2,5,Fri
815,2,Mobile,0,-1,-1,-1,2,2,Tue
816,2,Desktop,0,-1,-1,-1,1,3,Wed
817,2,Desktop,0,-1,-1,-1,8,5,Fri
818,4,Desktop,0,-1,-1,-1,6,4,Thu
819,6,Desktop,0,-1,-1,-1,4,6,Sat
820,1,Desktop,0,-1,-1,-1,3,1,Mon
821,1,Mobile,0,-1,-1,-1,2,2,Tue
822,3,Desktop,0,-1,-1,-1,8,5,Fri
823,2,Mobile,0,-1,-1,-1,9,6,Sat
824,2,Mobile,0,-1,-1,-1,5,6,Sat
825,5,Desktop,0,-1,-1,-1,2,4,Thu
826,1,Mobile,0,-1,-1,-1,1,7,Sun
827,1,Desktop,0,-1,-1,-1,2,3,Wed
828,5,Mobile,0,-1,-1,-1,6,1,Mon
829,4,Desktop,0,-1,-1,-1,5,5,
830,2,Desktop,0,-1,-1,-1,2,2,Tue
831,1,Desktop,0,-1,-1,-1,6,2,Tue
832,2,Desktop,0,-1,-1,-1,4,1,Mon
833,2,Desktop,0,-1,-1,-1,3,3,Wed
834,2,Desktop,0,-1,-1,-1,6,3,Wed
835,2,Mobile,0,-1,-1,-1,10,3,Wed
836,4,Mobile,0,-1,-1,-1,9,5,Fri
837,6,Desktop,0,-1,-1,-1,9,2,Tue
838,4,Mobile,0,-1,-1,-1,7,2,Tue
839,2,Desktop,0,-1,-1,-1,1,7,Sun
840,2,Mobile,0,-1,-1,-1,9,7,Sun
841,3,Desktop,0,-1,-1,-1,10,1,Mon
842,1,Desktop,0,-1,-1,-1,8,6,Sat
843,1,Desktop,0,-1,-1,-1,3,3,Wed
844,3,Mobile,0,-1,-1,-1,4,4,Thu
845,4,Mobile,0,-1,-1,-1,9,6,Sat
846,2,Mobile,0,-1,-1,-1,10,1,Mon
847,2,Desktop,0,-1,-1,-1,10,3,Wed
848,1,Desktop,0,-1,-1,-1,7,3,Wed
849,3,Mobile,0,-1,-1,-1,5,1,Mon
850,3,Mobile,0,-1,-1,-1,8,6,Sat
851,2,Mobile,0,-1,-1,-1,6,2,Tue
852,2,Mobile,0,-1,-1,-1,3,5,Fri
853,2,Desktop,0,-1,-1,-1,1,5,Fri
854,1,Mobile,0,-1,-1,-1,9,6,Sat
855,3,Mobile,0,-1,-1,-1,4,6,Sat
856,1,Mobile,0,-1,-1,-1,4,4,Thu
857,3,Mobile,0,-1,-1,-1,10,2,Tue
858,2,Desktop,0,-1,-1,-1,8,7,Sun
859,4,Mobile,0,-1,-1,-1,1,7,Sun
860,5,Desktop,0,-1,-1,-1,7,5,Fri
861,6,Mobile,0,-1,-1,-1,10,1,Mon
862,4,Mobile,0,-1,-1,-1,4,1,Mon
863,1,Desktop,0,-1,-1,-1,1,6,Sat
864,1,Desktop,0,-1,-1,-1,4,6,Sat
865,2,Mobile,0,-1,-1,-1,7,4,Thu
866,1,Mobile,0,-1,-1,-1,1,6,Sat
867,2,Mobile,0,-1,-1,-1,6,2,Tue
868,6,Desktop,0,-1,-1,-1,10,3,Wed
869,1,Mobile,0,-1,-1,-1,2,2,Tue
870,3,Mobile,0,-1,-1,-1,2,5,Fri
871,2,Mobile,0,-1,-1,-1,7,3,Wed
872,2,Desktop,0,-1,-1,-1,8,4,
873,2,Desktop,0,-1,-1,-1,6,6,Sat
874,2,Mobile,0,-1,-1,-1,6,2,Tue
875,4,Mobile,0,-1,-1,-1,9,5,Fri
876,5,Desktop,0,-1,-1,-1,8,3,Wed
877,6,Desktop,0,-1,-1,-1,6,5,Fri
878,4,Mobile,0,-1,-1,-1,9,3,Wed
879,5,Desktop,0,-1,-1,-1,3,3,Wed
880,4,Mobile,0,-1,-1,-1,4,3,Wed
881,5,Mobile,0,,-1,-1,6,7,Sun
882,1,Mobile,0,-1,-1,-1,3,1,Mon
883,5,Desktop,0,-1,-1,-1,4,3,Wed
884,1,Mobile,0,-1,-1,-1,8,5,Fri
885,6,Desktop,0,-1,-1,-1,2,1,Mon
886,2,Mobile,0,-1,-1,-1,7,6,Sat
887,2,Mobile,0,-1,-1,-1,8,4,Thu
888,2,Desktop,0,-1,-1,-1,9,2,Tue
889,3,Desktop,0,-1,-1,-1,3,3,Wed
890,2,Mobile,0,-1,-1,-1,7,3,Wed
891,1,Mobile,0,-1,-1,-1,2,6,Sat
892,6,Mobile,0,-1,-1,-1,5,3,Wed
893,4,Mobile,0,-1,-1,-1,5,3,Wed
894,2,Desktop,0,-1,-1,-1,8,5,Fri
895,1,Desktop,0,-1,-1,-1,5,7,Sun
896,2,Desktop,0,-1,-1,-1,7,1,Mon
897,4,Desktop,0,-1,-1,-1,5,1,Mon
898,2,Mobile,0,-1,-1,-1,8,6,Sat
899,1,Mobile,0,-1,-1,-1,3,1,Mon
900,4,Mobile,0,-1,-1,-1,7,3,Wed
901,1,Mobile,0,-1,-1,-1,1,2,Tue
902,2,Mobile,0,-1,-1,-1,6,7,Sun
903,2,Mobile,0,-1,-1,-1,7,6,Sat
904,1,Mobile,0,-1,-1,-1,9,2,Tue
905,3,Desktop,0,-1,-1,-1,3,7,Sun
906,6,Desktop,0,-1,-1,-1,4,4,Thu
907,2,Desktop,0,-1,-1,-1,4,1,Mon
908,5,Mobile,0,-1,-1,-1,10,1,Mon
909,4,Desktop,0,-1,-1,-1,8,2,Tue
910,2,Mobile,0,-1,-1,-1,6,5,Fri
911,2,Desktop,0,-1,-1,-1,4,5,Fri
912,1,Mobile,0,-1,-1,-1,1,3,Wed
913,4,Mobile,0,,-1,-1,5,1,Mon
914,2,Desktop,0,,-1,-1,7,5,Fri
915,6,Mobile,0,,-1,-1,8,2,Tue
916,5,Mobile,0,,-1,-1,5,6,Sat
917,4,Desktop,0,,-1,-1,10,4,Thu
918,1,Mobile,0,,-1,-1,4,3,Wed
919,2,Mobile,0,,-1,-1,7,6,Sat
920,1,Desktop,0,,-1,-1,7,3,Wed
921,2,Mobile,0,-1,-1,-1,6,6,Sat
922,1,Desktop,0,-1,-1,-1,6,7,Sun
923,2,Desktop,0,-1,-1,-1,9,1,Mon
924,2,Mobile,0,-1,-1,-1,2,6,Sat
925,5,Desktop,0,-1,-1,-1,2,6,Sat
926,2,Desktop,0,-1,-1,-1,2,4,Thu
927,4,Desktop,0,-1,-1,-1,8,2,Tue
928,2,Mobile,0,-1,-1,-1,9,2,Tue
929,4,Desktop,0,-1,-1,-1,1,2,Tue
930,2,Mobile,0,-1,-1,-1,2,7,Sun
931,2,Mobile,0,-1,-1,-1,4,1,Mon
932,2,Desktop,0,-1,-1,-1,1,5,Fri
933,2,Desktop,0,-1,-1,-1,6,4,Thu
934,3,Desktop,0,-1,-1,-1,9,3,Wed
935,5,Desktop,0,-1,-1,-1,8,6,Sat
936,5,Desktop,0,-1,-1,-1,3,3,Wed
937,1,Desktop,0,-1,-1,-1,1,5,Fri
938,1,Desktop,0,-1,-1,-1,6,6,Sat
939,3,Mobile,0,-1,-1,-1,1,3,Wed
940,2,Mobile,0,-1,-1,-1,5,4,Thu
941,2,Desktop,0,-1,-1,-1,1,7,Sun
942,2,Desktop,0,-1,-1,-1,9,2,Tue
943,2,Desktop,0,-1,-1,-1,3,6,Sat
944,2,Desktop,0,-1,-1,-1,8,7,Sun
945,2,Mobile,0,-1,-1,-1,3,5,Fri
946,3,Mobile,0,-1,-1,-1,3,5,Fri
947,4,Mobile,0,-1,-1,-1,4,1,Mon
948,1,Mobile,0,-1,-1,-1,1,5,Fri
949,1,Desktop,0,-1,-1,-1,1,3,Wed
950,5,Mobile,0,-1,-1,-1,4,2,Tue
951,2,Desktop,0,-1,-1,-1,6,1,Mon
952,2,Mobile,0,-1,-1,-1,6,7,Sun
953,1,Desktop,0,-1,-1,-1,4,5,Fri
954,1,Mobile,0,-1,-1,-1,9,6,Sat
955,2,Mobile,0,-1,-1,-1,6,7,Sun
956,6,Desktop,0,-1,-1,-1,10,4,Thu
957,6,Desktop,0,-1,-1,-1,6,1,Mon
958,1,Mobile,0,-1,-1,-1,1,6,Sat
959,6,Desktop,0,-1,-1,-1,2,6,Sat
960,2,Mobile,0,-1,-1,-1,3,6,Sat
961,1,Mobile,0,-1,-1,-1,1,2,Tue
962,3,Mobile,0,-1,-1,-1,5,6,Sat
963,5,Mobile,0,-1,-1,-1,4,7,Sun
964,Bing,Mobile,0,-1,-1,-1,1,3,Wed
965,2,Desktop,0,-1,-1,-1,5,6,Sat
966,2,Mobile,0,-1,-1,-1,2,5,Fri
967,1,Mobile,0,-1,-1,-1,3,3,Wed
968,4,Desktop,0,-1,-1,-1,5,6,Sat
969,2,Desktop,0,-1,-1,-1,3,2,Tue
970,5,Mobile,0,-1,-1,-1,2,2,Tue
971,2,Desktop,0,-1,-1,-1,6,6,Sat
972,5,Mobile,0,-1,-1,-1,4,7,Sun
973,3,Mobile,0,-1,-1,-1,4,5,Fri
974,2,Desktop,0,-1,-1,-1,3,2,Tue
975,5,Desktop,0,-1,-1,-1,4,7,Sun
976,2,Mobile,0,-1,-1,-1,7,6,Sat
977,5,Desktop,0,-1,-1,-1,2,4,Thu
978,2,Desktop,0,-1,-1,-1,8,4,Thu
979,1,Desktop,0,-1,-1,-1,10,2,Tue
980,5,Desktop,0,-1,-1,-1,4,6,Sat
981,4,Mobile,0,-1,-1,-1,8,1,Mon
982,4,Desktop,0,-1,-1,-1,9,1,Mon
983,5,Desktop,0,-1,-1,-1,3,6,Sat
984,3,Desktop,0,-1,-1,-1,4,2,Tue
985,5,Desktop,0,-1,-1,-1,3,3,Wed
986,2,Mobile,0,-1,-1,-1,3,2,Tue
987,5,Desktop,0,-1,-1,-1,8,4,Thu
988,4,Desktop,0,-1,-1,-1,7,3,Wed
989,6,Desktop,0,-1,-1,-1,8,6,Sat
990,3,Mobile,0,-1,-1,-1,5,3,Wed
991,4,Mobile,0,-1,-1,-1,7,7,Sun
992,6,Mobile,0,-1,-1,-1,8,3,Wed
993,2,Desktop,0,-1,-1,-1,1,5,Fri
994,2,Mobile,0,-1,-1,-1,10,2,Tue
995,4,Desktop,0,-1,-1,-1,9,2,Tue
996,2,Mobile,0,-1,-1,-1,9,1,Mon
997,1,Mobile,0,-1,-1,-1,3,3,Wed
998,3,Mobile,0,-1,-1,-1,9,2,Tue
999,5,Desktop,0,-1,-1,-1,7,1,Mon
1000,4,Mobile,0,-1,-1,-1,9,1,Mon
1001,4,Mobile,0,-1,-1,-1,4,5,Fri
1002,1,Mobile,0,-1,-1,-1,6,4,Thu
1003,4,Desktop,0,-1,-1,-1,4,7,Sun
1004,1,Mobile,0,-1,-1,-1,10,1,Mon
1005,2,Desktop,0,-1,-1,-1,2,1,Mon
1006,6,Mobile,0,-1,-1,-1,4,3,Wed
1007,3,Mobile,0,-1,-1,-1,6,3,Wed
1008,2,Mobile,0,-1,-1,-1,5,3,Wed
1009,5,Desktop,0,-1,-1,-1,7,4,Thu
1010,5,Mobile,0,-1,-1,-1,6,5,Fri
1011,1,Mobile,0,-1,-1,-1,9,2,Tue
1012,1,Desktop,0,-1,-1,-1,7,3,Wed
1013,2,Desktop,0,-1,-1,-1,7,1,Mon
1014,2,Desktop,0,-1,-1,-1,5,5,Fri
1015,1,Mobile,0,-1,-1,-1,4,7,Sun
1016,2,Mobile,0,-1,-1,-1,8,5,Fri
1017,1,Mobile,0,-1,-1,-1,3,2,Tue
1018,2,Mobile,0,-1,-1,-1,6,5,Fri
1019,5,Desktop,0,-1,-1,-1,2,3,Wed
1020,6,Mobile,0,-1,-1,-1,5,3,Wed
1021,5,Desktop,0,-1,-1,-1,10,4,Thu
1022,4,Mobile,0,-1,-1,-1,1,6,Sat
1023,2,Desktop,0,-1,-1,-1,5,1,Mon
1024,4,Mobile,0,-1,-1,-1,3,4,Thu
1025,3,Mobile,0,-1,-1,-1,2,5,Fri
1026,1,Mobile,0,-1,-1,-1,3,5,Fri
1027,4,Desktop,0,-1,-1,-1,2,6,Sat
1028,2,Desktop,0,-1,-1,-1,10,2,Tue
1029,4,Mobile,0,-1,-1,-1,1,6,Sat
1030,2,Desktop,0,-1,-1,-1,9,4,Thu
1031,2,Mobile,0,-1,-1,-1,2,1,Mon
1032,2,Mobile,0,-1,-1,-1,10,1,Mon
1033,4,Desktop,0,-1,-1,-1,4,7,Sun
1034,2,Desktop,0,-1,-1,-1,5,3,Wed
1035,1,Mobile,0,-1,-1,-1,5,7,Sun
1036,1,Desktop,0,-1,-1,-1,6,4,Thu
1037,6,Desktop,0,-1,-1,-1,8,5,Fri
1038,2,Mobile,0,-1,-1,-1,9,1,Mon
1039,1,Desktop,0,-1,-1,-1,3,4,Thu
1040,4,Desktop,0,-1,-1,-1,8,3,Wed
1041,1,Mobile,0,-1,-1,-1,9,4,Thu
1042,3,Mobile,0,-1,-1,-1,1,4,Thu
1043,1,Mobile,0,-1,-1,-1,10,6,Sat
1044,1,Desktop,0,,-1,-1,1,7,Sun
1045,4,Mobile,0,-1,-1,-1,4,5,Fri
1046,1,Mobile,0,-1,-1,-1,8,6,Sat
1047,4,Mobile,0,-1,-1,-1,9,5,Fri
1048,2,Desktop,0,-1,-1,-1,6,1,Mon
1049,1,Mobile,0,-1,-1,-1,3,2,Tue
1050,2,Mobile,0,-1,-1,-1,5,3,Wed
1051,2,Mobile,0,-1,-1,-1,7,5,Fri
1052,2,Mobile,0,-1,-1,-1,5,1,Mon
1053,2,Desktop,0,-1,-1,-1,3,2,Tue
1054,2,Desktop,0,-1,-1,-1,3,3,Wed
1055,2,Desktop,0,-1,-1,-1,7,3,Wed
1056,2,Desktop,0,-1,-1,-1,3,2,Tue
1057,1,Desktop,0,-1,-1,-1,6,7,Sun
1058,2,Mobile,0,-1,-1,-1,6,6,Sat
1059,2,Mobile,0,-1,-1,-1,10,2,Tue
1060,6,Mobile,0,-1,-1,-1,5,4,Thu
1061,1,Desktop,0,-1,-1,-1,3,4,Thu
1062,2,Desktop,0,-1,-1,-1,9,2,Tue
1063,1,Mobile,0,-1,-1,-1,5,7,Sun
1064,5,Mobile,0,-1,-1,-1,9,4,Thu
1065,2,Desktop,0,-1,-1,-1,3,6,Sat
1066,2,Desktop,0,-1,-1,-1,7,6,Sat
1067,1,Mobile,0,-1,-1,-1,8,4,Thu
1068,2,Mobile,0,-1,-1,-1,8,5,Fri
1069,1,Desktop,0,-1,-1,-1,2,7,Sun
1070,3,Desktop,0,-1,-1,-1,10,4,Thu
1071,5,Desktop,0,-1,-1,-1,4,2,Tue
1072,2,Mobile,0,-1,-1,-1,5,3,Wed
1073,3,Desktop,0,-1,-1,-1,8,2,Tue
1074,5,Desktop,0,-1,-1,-1,5,2,Tue
1075,1,Mobile,0,-1,-1,-1,6,3,Wed
1076,2,Mobile,0,-1,-1,-1,9,2,Tue
1077,1,Mobile,0,-1,-1,-1,5,1,Mon
1078,1,Desktop,0,-1,-1,-1,1,6,Sat
1079,1,Mobile,0,-1,-1,-1,2,2,Tue
1080,5,Mobile,0,-1,-1,-1,5,2,Tue
1081,2,Desktop,0,-1,-1,-1,2,7,Sun
1082,6,Desktop,0,-1,-1,-1,10,6,Sat
1083,1,Desktop,0,-1,-1,-1,2,1,Mon
1084,2,Mobile,0,-1,-1,-1,1,7,Sun
1085,2,Mobile,0,-1,-1,-1,10,3,Wed
1086,2,Mobile,0,-1,-1,-1,5,5,Fri
1087,5,Desktop,0,-1,-1,-1,2,1,Mon
1088,1,Desktop,0,-1,-1,-1,7,4,Thu
1089,2,Desktop,0,-1,-1,-1,3,4,Thu
1090,2,Desktop,0,-1,-1,-1,6,3,Wed
1091,2,Mobile,0,-1,-1,-1,1,5,Fri
1092,2,Desktop,0,-1,-1,-1,7,2,Tue
1093,1,Mobile,0,-1,-1,-1,7,2,Tue
1094,2,Desktop,0,-1,-1,-1,5,1,Mon
1095,3,Mobile,0,-1,-1,-1,2,7,Sun
1096,2,Mobile,0,-1,-1,-1,9,6,Sat
1097,1,Desktop,0,-1,-1,-1,10,7,Sun
1098,1,Desktop,0,-1,-1,-1,1,2,Tue
1099,1,Mobile,0,-1,-1,-1,6,4,Thu
1100,4,Desktop,0,-1,-1,-1,2,1,Mon
1101,2,Mobile,0,-1,-1,-1,5,2,Tue
1102,2,Mobile,0,-1,-1,-1,4,7,Sun
1103,6,Mobile,0,-1,-1,-1,8,5,Fri
1104,2,Mobile,0,-1,-1,-1,5,1,Mon
1105,2,Mobile,0,-1,-1,-1,1,5,Fri
1106,2,Desktop,0,-1,-1,-1,7,7,Sun
1107,4,Desktop,0,-1,-1,-1,1,4,Thu
1108,2,Mobile,0,-1,-1,-1,3,3,Wed
1109,4,Desktop,0,-1,-1,-1,7,7,Sun
1110,3,Mobile,0,-1,-1,-1,2,1,Mon
1111,6,Desktop,0,-1,-1,-1,9,1,Mon
1112,1,Desktop,0,-1,-1,-1,4,1,Mon
1113,5,Mobile,0,-1,-1,-1,2,3,Wed
1114,1,Mobile,0,-1,-1,-1,4,4,Thu
1115,2,Desktop,0,-1,-1,-1,6,6,Sat
1116,3,Mobile,0,-1,-1,-1,8,6,Sat
1117,2,Mobile,0,-1,-1,-1,5,2,Tue
1118,1,Desktop,0,-1,-1,-1,1,3,Wed
1119,4,Desktop,0,-1,-1,-1,1,1,Mon
1120,2,Mobile,0,-1,-1,-1,7,5,Fri
1121,4,Mobile,0,-1,-1,-1,1,2,Tue
1122,2,Mobile,0,-1,-1,-1,6,7,Sun
1123,1,Desktop,0,-1,-1,-1,5,5,Fri
1124,2,Desktop,0,-1,-1,-1,2,6,Sat
1125,5,Desktop,0,-1,-1,-1,7,6,Sat
1126,1,Mobile,0,-1,-1,-1,10,7,Sun
1127,2,Desktop,0,-1,-1,-1,9,4,Thu
1128,5,Mobile,0,-1,-1,-1,1,5,Fri
1129,2,Mobile,0,-1,-1,-1,4,1,Mon
1130,1,Desktop,0,-1,-1,-1,1,7,Sun
1131,4,Mobile,0,-1,-1,-1,3,7,Sun
1132,2,Desktop,0,-1,-1,-1,7,6,Sat
1133,1,Mobile,0,-1,-1,-1,5,6,Sat
1134,2,Desktop,0,-1,-1,-1,1,7,Sun
1135,4,Mobile,0,-1,-1,-1,3,1,Mon
1136,1,Mobile,0,-1,-1,-1,10,1,Mon
1137,2,Desktop,0,-1,-1,-1,6,2,Tue
1138,1,Mobile,0,-1,-1,-1,2,4,Thu
1139,1,Mobile,0,-1,-1,-1,3,6,Sat
1140,2,Desktop,0,,-1,-1,8,5,Fri
1141,2,Mobile,0,-1,-1,-1,1,6,Sat
1142,5,Mobile,0,-1,-1,-1,3,3,Wed
1143,2,Mobile,0,-1,-1,-1,4,1,Mon
1144,4,Mobile,0,-1,-1,-1,7,1,Mon
1145,1,Mobile,0,-1,-1,-1,5,4,Thu
1146,5,Desktop,0,-1,-1,-1,3,3,Wed
1147,5,Mobile,0,-1,-1,-1,7,7,Sun
1148,2,Mobile,0,-1,-1,-1,9,7,Sun
1149,5,Mobile,0,-1,-1,-1,4,4,Thu
1150,1,Desktop,0,-1,-1,-1,5,4,Thu
1151,5,Mobile,0,-1,-1,-1,2,1,Mon
1152,5,Mobile,0,-1,-1,-1,5,4,Thu
1153,2,Desktop,0,-1,-1,-1,3,5,Fri
1154,2,Desktop,0,-1,-1,-1,7,1,Mon
1155,1,Mobile,0,-1,-1,-1,2,6,Sat
1156,2,Mobile,0,-1,-1,-1,10,1,Mon
1157,1,Mobile,0,-1,-1,-1,8,2,Tue
1158,1,Desktop,0,-1,-1,-1,6,6,Sat
1159,1,Mobile,0,-1,-1,-1,9,1,Mon
1160,2,Desktop,0,-1,-1,-1,1,3,Wed
1161,4,Mobile,0,-1,-1,-1,3,1,Mon
1162,1,Desktop,0,-1,-1,-1,2,6,Sat
1163,3,Mobile,0,-1,-1,-1,7,5,Fri
1164,1,Desktop,0,-1,-1,-1,7,7,Sun
1165,4,Desktop,0,-1,-1,-1,7,1,Mon
1166,1,Desktop,0,-1,-1,-1,7,4,Thu
1167,1,Desktop,0,-1,-1,-1,10,3,Wed
1168,2,Mobile,0,-1,-1,-1,5,4,Thu
1169,3,Mobile,0,-1,-1,-1,10,6,Sat
1170,1,Mobile,0,-1,-1,-1,7,5,Fri
1171,6,Desktop,0,-1,-1,-1,5,7,Sun
1172,,Desktop,0,-1,-1,-1,9,1,Mon
1173,1,Mobile,0,-1,-1,-1,10,5,Fri
1174,5,Desktop,0,-1,-1,-1,1,3,Wed
1175,2,Desktop,0,-1,-1,-1,4,5,Fri
1176,6,Desktop,0,-1,-1,-1,8,1,Mon
1177,1,Mobile,0,-1,-1,-1,6,5,Fri
1178,2,Desktop,0,-1,-1,-1,3,5,Fri
1179,4,Mobile,0,-1,-1,-1,2,2,Tue
1180,2,Desktop,0,-1,-1,-1,7,5,Fri
1181,5,Mobile,0,-1,-1,-1,10,5,Fri
1182,2,Mobile,0,-1,-1,-1,8,4,Thu
1183,4,Desktop,0,-1,-1,-1,3,3,Wed
1184,1,Mobile,0,-1,-1,-1,5,5,Fri
1185,2,Desktop,0,-1,-1,-1,7,4,Thu
1186,2,Mobile,0,-1,-1,-1,3,2,Tue
1187,6,Mobile,0,-1,-1,-1,3,7,Sun
1188,4,Desktop,0,-1,-1,-1,6,4,Thu
1189,2,Mobile,0,-1,-1,-1,7,3,Wed
1190,2,Mobile,0,-1,-1,-1,3,4,Thu
1191,2,Mobile,0,-1,-1,-1,2,7,Sun
1192,4,Desktop,0,-1,-1,-1,9,6,Sat
1193,2,Desktop,0,-1,-1,-1,5,3,Wed
1194,4,Desktop,0,-1,-1,-1,9,4,Thu
1195,2,Desktop,0,-1,-1,-1,9,6,Sat
1196,1,Mobile,0,-1,-1,-1,2,3,Wed
1197,4,Mobile,0,-1,-1,-1,3,2,Tue
1198,4,Desktop,0,-1,-1,-1,1,7,Sun
1199,3,Desktop,0,-1,-1,-1,1,1,Mon
1200,4,Desktop,0,-1,-1,-1,5,5,Fri
1201,2,Mobile,0,-1,-1,-1,8,6,Sat
1202,5,Mobile,0,-1,-1,-1,10,2,Tue
1203,1,Desktop,0,-1,-1,-1,4,3,Wed
1204,4,Mobile,0,-1,-1,-1,9,4,Thu
1205,5,Mobile,0,-1,-1,-1,1,6,Sat
1206,4,Desktop,0,-1,-1,-1,6,4,Thu
1207,4,Desktop,0,-1,-1,-1,3,2,Tue
1208,4,Desktop,0,-1,-1,-1,10,3,Wed
1209,2,Desktop,0,-1,-1,-1,6,4,Thu
1210,1,Desktop,0,-1,-1,-1,1,2,Tue
1211,2,Mobile,0,-1,-1,-1,9,1,Mon
1212,1,Mobile,0,-1,-1,-1,3,6,Sat
1213,4,Desktop,0,-1,-1,-1,1,4,Thu
1214,5,Mobile,0,-1,-1,-1,10,4,Thu
1215,2,Desktop,0,-1,-1,-1,1,1,Mon
1216,1,Desktop,0,-1,-1,-1,5,7,Sun
1217,3,Desktop,0,-1,-1,-1,7,6,Sat
1218,2,Mobile,0,-1,-1,-1,10,3,Wed
1219,4,Desktop,0,-1,-1,-1,1,5,Fri
1220,2,Mobile,0,-1,-1,-1,2,5,Fri
1221,2,Desktop,0,-1,-1,-1,1,6,Sat
1222,1,Mobile,0,-1,-1,-1,3,7,Sun
1223,5,Mobile,0,-1,-1,-1,5,6,Sat
1224,1,Mobile,0,-1,-1,-1,9,2,Tue
1225,6,Desktop,0,-1,-1,-1,3,5,Fri
1226,4,Desktop,0,-1,-1,-1,5,4,Thu
1227,2,Mobile,0,-1,-1,-1,4,5,Fri
1228,2,Mobile,0,-1,-1,-1,6,1,Mon
1229,2,Desktop,0,-1,-1,-1,5,2,Tue
1230,2,Desktop,0,-1,-1,-1,9,7,Sun
1231,2,Mobile,0,-1,-1,-1,1,7,Sun
1232,1,Mobile,0,-1,-1,-1,1,6,Sat
1233,3,Mobile,0,-1,-1,-1,5,7,Sun
1234,1,Desktop,0,-1,-1,-1,2,2,Tue
1235,4,Desktop,0,-1,-1,-1,6,7,Sun
1236,4,Mobile,0,-1,-1,-1,2,7,Sun
1237,2,Desktop,0,-1,-1,-1,10,2,Tue
1238,2,Mobile,0,-1,-1,-1,4,1,Mon
1239,1,Mobile,0,-1,-1,-1,3,2,Tue
1240,2,Desktop,0,-1,-1,-1,8,4,Thu
1241,2,Mobile,0,-1,-1,-1,6,4,Thu
1242,1,Desktop,0,-1,-1,-1,7,6,Sat
1243,2,Desktop,0,-1,-1,-1,2,4,Thu
1244,2,Mobile,0,-1,-1,-1,4,7,Sun
1245,2,Desktop,0,-1,-1,-1,2,7,Sun
1246,2,Mobile,0,-1,-1,-1,10,6,Sat
1247,4,Desktop,0,-1,-1,-1,3,5,Fri
1248,3,Mobile,0,-1,-1,-1,3,3,Wed
1249,2,Mobile,0,-1,-1,-1,7,7,Sun
1250,4,Mobile,0,-1,-1,-1,6,3,Wed
1251,4,Mobile,0,-1,-1,-1,7,2,Tue
1252,6,Desktop,0,-1,-1,-1,2,4,Thu
1253,2,Desktop,0,-1,-1,-1,10,2,Tue
1254,4,Mobile,0,-1,-1,-1,8,6,Sat
1255,2,Desktop,0,-1,-1,-1,7,6,Sat
1256,5,Mobile,0,-1,-1,-1,2,4,Thu
1257,3,Mobile,0,-1,-1,-1,2,5,Fri
1258,4,Desktop,0,-1,-1,-1,9,5,Fri
1259,2,Mobile,0,-1,-1,-1,1,5,Fri
1260,2,Mobile,0,-1,-1,-1,5,6,Sat
1261,2,Mobile,0,-1,-1,-1,3,4,Thu
1262,5,Mobile,0,-1,-1,-1,6,5,Fri
1263,2,Desktop,0,-1,-1,-1,5,3,Wed
1264,2,Mobile,0,-1,-1,-1,5,3,Wed
1265,5,Desktop,0,-1,-1,-1,5,1,Mon
1266,6,Mobile,0,-1,-1,-1,6,6,Sat
1267,2,Mobile,0,-1,-1,-1,9,2,Tue
1268,5,Mobile,0,-1,-1,-1,2,3,Wed
1269,4,Mobile,0,-1,-1,-1,4,4,Thu
1270,2,Desktop,0,-1,-1,-1,1,6,Sat
1271,2,Desktop,0,-1,-1,-1,9,5,Fri
1272,1,Desktop,0,-1,-1,-1,6,6,Sat
1273,1,Mobile,0,-1,-1,-1,6,7,Sun
1274,1,Mobile,0,-1,-1,-1,8,3,Wed
1275,4,Desktop,0,-1,-1,-1,10,4,Thu
1276,2,Desktop,0,-1,-1,-1,6,1,Mon
1277,2,Mobile,0,-1,-1,-1,2,6,Sat
1278,1,Desktop,0,-1,-1,-1,9,5,Fri
1279,2,Desktop,0,-1,-1,-1,9,3,Wed
1280,3,Desktop,0,-1,-1,-1,5,1,Mon
1281,2,Mobile,0,-1,-1,-1,7,2,Tue
1282,4,Mobile,0,-1,-1,-1,2,3,Wed
1283,2,Desktop,0,-1,-1,-1,5,6,Sat
1284,3,Mobile,0,-1,-1,-1,2,3,Wed
1285,2,Mobile,0,-1,-1,-1,4,4,Thu
1286,2,Mobile,0,-1,-1,-1,2,2,Tue
1287,4,Desktop,0,-1,-1,-1,4,6,Sat
1288,2,Desktop,0,-1,-1,-1,8,7,Sun
1289,3,Desktop,0,-1,-1,-1,10,6,Sat
1290,2,Desktop,0,-1,-1,-1,7,7,Sun
1291,3,Mobile,0,-1,-1,-1,2,3,Wed
1292,5,Desktop,0,-1,-1,-1,2,2,Tue
1293,5,Mobile,0,-1,-1,-1,2,2,Tue
1294,3,Desktop,0,-1,-1,-1,7,1,Mon
1295,1,Mobile,0,-1,-1,-1,4,1,Mon
1296,4,Mobile,0,-1,-1,-1,6,4,Thu
1297,2,Desktop,0,-1,-1,-1,6,4,Thu
1298,1,Desktop,0,-1,-1,-1,6,5,Fri
1299,4,Mobile,0,-1,-1,-1,6,2,Tue
1300,4,Desktop,0,-1,-1,-1,5,4,Thu
1301,1,Mobile,0,-1,-1,-1,2,2,Tue
1302,2,Mobile,0,-1,-1,-1,4,3,Wed
1303,2,Mobile,0,-1,-1,-1,5,3,Wed
1304,5,Mobile,0,-1,-1,-1,2,1,Mon
1305,2,Desktop,0,-1,-1,-1,1,4,Thu
1306,2,Desktop,0,-1,-1,-1,8,4,Thu
1307,2,Mobile,0,-1,-1,-1,4,1,Mon
1308,1,Desktop,0,-1,-1,-1,5,3,Wed
1309,2,Desktop,0,-1,-1,-1,3,3,Wed
1310,2,Desktop,0,-1,-1,-1,2,5,Fri
1311,4,Mobile,0,-1,-1,-1,8,2,Tue
1312,6,Mobile,0,-1,-1,-1,7,6,Sat
1313,1,Desktop,0,-1,-1,-1,3,3,Wed
1314,4,Desktop,0,-1,-1,-1,9,4,Thu
1315,3,Mobile,0,-1,-1,-1,3,5,Fri
1316,4,Desktop,0,-1,-1,-1,9,7,Sun
1317,4,Mobile,0,-1,-1,-1,9,2,Tue
1318,2,Mobile,0,-1,-1,-1,8,2,Tue
1319,5,Mobile,0,-1,-1,-1,9,1,Mon
1320,1,Desktop,0,-1,-1,-1,6,1,Mon
1321,2,Mobile,0,-1,-1,-1,8,2,Tue
1322,1,Mobile,0,-1,-1,-1,6,4,Thu
1323,5,Desktop,0,-1,-1,-1,8,7,Sun
1324,6,Desktop,0,-1,-1,-1,2,5,Fri
1325,1,Mobile,0,-1,-1,-1,4,1,Mon
1326,4,Mobile,0,-1,-1,-1,6,3,Wed
1327,1,Mobile,0,-1,-1,-1,4,4,Thu
1328,1,Desktop,0,-1,-1,-1,1,6,Sat
1329,1,Desktop,0,-1,-1,-1,7,6,Sat
1330,4,Mobile,0,-1,-1,-1,8,4,Thu
1331,6,Desktop,0,-1,-1,-1,4,5,Fri
1332,1,Desktop,0,-1,-1,-1,3,2,Tue
1333,1,Mobile,0,-1,-1,-1,6,3,Wed
1334,1,Desktop,0,-1,-1,-1,2,Thu,4
1335,4,Desktop,0,-1,-1,-1,7,4,Thu
1336,1,Mobile,0,-1,-1,-1,1,4,Thu
1337,2,Mobile,0,-1,-1,-1,4,4,Thu
1338,2,Desktop,0,-1,-1,-1,1,1,Mon
1339,4,Desktop,0,-1,-1,-1,2,5,Fri
1340,2,Desktop,0,-1,-1,-1,1,1,Mon
1341,3,Mobile,0,-1,-1,-1,9,5,Fri
1342,4,Desktop,0,-1,-1,-1,6,5,Fri
1343,1,Mobile,0,-1,-1,-1,5,5,Fri
1344,5,Desktop,0,-1,-1,-1,7,4,Thu
1345,6,Desktop,0,-1,-1,-1,6,7,Sun
1346,2,Desktop,0,-1,-1,-1,7,1,Mon
1347,5,Mobile,0,-1,-1,-1,8,1,Mon
1348,5,Mobile,0,-1,-1,-1,5,6,Sat
1349,4,Desktop,0,-1,-1,-1,10,5,Fri
1350,2,Mobile,0,-1,-1,-1,3,5,Fri
1351,2,Mobile,0,-1,-1,-1,1,4,Thu
1352,1,Mobile,0,-1,-1,-1,3,6,Sat
1353,2,Desktop,0,-1,-1,-1,5,2,Tue
1354,1,Mobile,0,-1,-1,-1,10,6,Sat
1355,2,Mobile,0,-1,-1,-1,7,2,Tue
1356,4,Mobile,0,-1,-1,-1,8,7,Sun
1357,2,Mobile,0,-1,-1,-1,10,3,Wed
1358,2,Mobile,0,-1,-1,-1,8,7,Sun
1359,3,Desktop,0,-1,-1,-1,5,7,Sun
1360,6,Desktop,0,-1,-1,-1,10,6,Sat
1361,1,Mobile,0,-1,-1,-1,10,4,Thu
1362,4,Desktop,0,-1,-1,-1,4,6,Sat
1363,4,Desktop,0,-1,-1,-1,5,7,Sun
1364,2,Mobile,0,-1,-1,-1,6,6,Sat
1365,3,Mobile,0,-1,-1,-1,5,5,Fri
1366,2,Mobile,0,-1,-1,-1,8,7,Sun
1367,1,Desktop,0,-1,-1,-1,3,5,Fri
1368,1,Desktop,0,-1,-1,-1,4,5,Fri
1369,1,Mobile,0,-1,-1,-1,8,5,Fri
1370,2,Mobile,0,-1,-1,-1,1,1,Mon
1371,3,Mobile,0,-1,-1,-1,3,6,Sat
1372,4,Desktop,0,-1,-1,-1,7,1,Mon
1373,2,Mobile,0,-1,-1,-1,9,2,Tue
1374,2,Mobile,0,-1,-1,-1,6,4,Thu
1375,1,Mobile,0,-1,-1,-1,3,3,Wed
1376,2,Mobile,0,-1,-1,-1,1,3,Wed
1377,5,Desktop,0,-1,-1,-1,10,7,Sun
1378,2,Desktop,0,-1,-1,-1,10,5,Fri
1379,2,Mobile,0,-1,-1,-1,5,2,Tue
1380,1,Desktop,0,-1,-1,-1,3,6,Sat
1381,4,Desktop,0,-1,-1,-1,1,2,Tue
1382,1,Mobile,0,-1,-1,-1,10,2,Tue
1383,3,Desktop,0,-1,-1,-1,2,1,Mon
1384,5,Desktop,0,-1,-1,-1,4,6,Sat
1385,2,Mobile,0,-1,-1,-1,6,1,Mon
1386,4,Desktop,0,-1,-1,-1,4,2,Tue
1387,1,Mobile,0,-1,-1,-1,5,7,Sun
1388,4,Desktop,0,-1,-1,-1,6,2,Tue
1389,3,Mobile,0,-1,-1,-1,10,2,Tue
1390,2,Mobile,0,-1,-1,-1,1,4,Thu
1391,2,Mobile,0,-1,-1,-1,1,4,Thu
1392,2,Mobile,0,-1,-1,-1,7,4,Thu
1393,1,Mobile,0,-1,-1,-1,3,3,Wed
1394,2,Mobile,0,-1,-1,-1,7,7,Sun
1395,2,Mobile,0,-1,-1,-1,4,3,Wed
1396,2,Mobile,0,-1,-1,-1,8,7,Sun
1397,2,Desktop,0,-1,-1,-1,6,5,Fri
1398,2,Desktop,0,-1,-1,-1,9,3,Wed
1399,4,Desktop,0,-1,-1,-1,10,3,Wed
1400,6,Mobile,0,-1,-1,-1,7,1,Mon
1401,4,Desktop,0,-1,-1,-1,1,1,Mon
1402,4,Desktop,0,-1,-1,-1,10,4,Thu
1403,2,Desktop,0,-1,-1,-1,7,7,Sun
1404,4,Mobile,0,-1,-1,-1,9,5,Fri
1405,4,Desktop,0,-1,-1,-1,8,3,Wed
1406,2,Desktop,0,-1,-1,-1,8,1,Mon
1407,2,Desktop,0,-1,-1,-1,5,3,Wed
1408,4,Mobile,0,-1,-1,-1,1,4,Thu
1409,2,Mobile,0,-1,-1,-1,5,6,Sat
1410,1,Desktop,0,-1,-1,-1,7,5,Fri
1411,1,Desktop,0,-1,-1,-1,9,6,Sat
1412,5,Desktop,0,-1,-1,-1,5,7,Sun
1413,2,Desktop,0,-1,-1,-1,5,2,Tue
1414,4,Desktop,0,-1,-1,-1,1,3,Wed
1415,6,Mobile,0,-1,-1,-1,2,1,Mon
1416,1,Mobile,0,-1,-1,-1,1,6,Sat
1417,6,Mobile,0,-1,-1,-1,2,3,Wed
1418,2,Desktop,0,-1,-1,-1,3,4,Thu
1419,2,Desktop,0,-1,-1,-1,8,5,Fri
1420,2,Desktop,0,-1,-1,-1,2,2,Tue
1421,1,Desktop,0,-1,-1,-1,8,5,Fri
1422,2,Mobile,0,-1,-1,-1,2,6,Sat
1423,2,Mobile,0,-1,-1,-1,4,4,Thu
1424,2,Desktop,0,-1,-1,-1,3,6,Sat
1425,1,Mobile,0,-1,-1,-1,10,1,Mon
1426,2,Desktop,0,-1,-1,-1,4,5,Fri
1427,5,Mobile,0,-1,-1,-1,2,1,Mon
1428,4,Desktop,0,-1,-1,-1,10,7,Sun
1429,4,Mobile,0,-1,-1,-1,1,7,Sun
1430,2,Mobile,0,-1,-1,-1,4,6,Sat
1431,5,Desktop,0,-1,-1,-1,10,2,Tue
1432,5,Mobile,0,-1,-1,-1,6,6,Sat
1433,2,Mobile,0,-1,-1,-1,10,1,Mon
1434,1,Desktop,0,-1,-1,-1,3,7,Sun
1435,3,Desktop,0,-1,-1,-1,5,5,Fri
1436,2,Mobile,0,-1,-1,-1,6,7,Sun
1437,1,Desktop,0,-1,-1,-1,5,2,Tue
1438,,Desktop,0,-1,-1,-1,3,5,Fri
1439,2,Mobile,0,-1,-1,-1,3,5,Fri
1440,2,Mobile,0,-1,-1,-1,9,2,Tue
1441,4,Mobile,0,-1,-1,-1,6,5,Fri
1442,2,Mobile,0,-1,-1,-1,9,1,Mon
1443,1,Desktop,0,-1,-1,-1,4,7,Sun
1444,2,Mobile,0,-1,-1,-1,10,2,Tue
1445,2,Mobile,0,-1,-1,-1,6,1,Mon
1446,2,Desktop,0,-1,-1,-1,3,1,Mon
1447,4,Desktop,0,-1,-1,-1,7,4,Thu
1448,3,Mobile,0,-1,-1,-1,9,5,Fri
1449,1,Mobile,0,-1,-1,-1,9,5,Fri
1450,5,Desktop,0,-1,-1,-1,9,4,Thu
1451,4,Mobile,0,-1,-1,-1,5,1,Mon
1452,4,Desktop,0,-1,-1,-1,3,5,Fri
1453,3,Mobile,0,-1,-1,-1,3,6,Sat
1454,4,Mobile,0,-1,-1,-1,7,5,Fri
1455,4,Mobile,0,-1,-1,-1,4,7,Sun
1456,4,Desktop,0,-1,-1,-1,3,6,Sat
1457,5,Mobile,0,-1,-1,-1,10,4,Thu
1458,2,Desktop,0,-1,-1,-1,3,2,Tue
1459,2,Desktop,0,-1,-1,-1,8,6,Sat
1460,4,Mobile,0,-1,-1,-1,9,2,Tue
1461,2,Mobile,0,-1,-1,-1,1,3,Wed
1462,1,Desktop,0,-1,-1,-1,10,3,Wed
1463,4,Mobile,0,-1,-1,-1,10,5,Fri
1464,4,Mobile,0,-1,-1,-1,9,1,Mon
1465,1,Desktop,0,-1,-1,-1,10,5,Fri
1466,5,Mobile,0,-1,-1,-1,8,2,Tue
1467,2,Mobile,0,-1,-1,-1,7,1,Mon
1468,5,Desktop,0,-1,-1,-1,10,3,Wed
1469,1,Mobile,0,-1,-1,-1,4,7,Sun
1470,2,Desktop,0,-1,-1,-1,1,3,Wed
1471,4,Mobile,0,-1,-1,-1,8,4,Thu
1472,Bing,Desktop,0,-1,-1,-1,2,7,Sun
1473,5,Mobile,0,-1,-1,-1,9,5,Fri
1474,4,Desktop,0,-1,-1,-1,3,6,Sat
1475,4,Mobile,0,-1,-1,-1,10,1,Mon
1476,2,Desktop,0,-1,-1,-1,2,3,Wed
1477,3,Desktop,0,-1,-1,-1,4,1,Mon
1478,5,Desktop,0,-1,-1,-1,9,3,Wed
1479,1,Mobile,0,-1,-1,-1,10,6,Sat
1480,1,Mobile,0,-1,-1,-1,8,7,Sun
1481,4,Desktop,0,-1,-1,-1,8,4,Thu
1482,1,Mobile,0,-1,-1,-1,9,2,Tue
1483,5,Desktop,0,-1,-1,-1,4,1,Mon
1484,1,Desktop,0,-1,-1,-1,10,3,Wed
1485,1,Mobile,0,-1,-1,-1,5,3,Wed
1486,1,Desktop,0,-1,-1,-1,9,5,Fri
1487,2,Mobile,0,-1,-1,-1,7,7,Sun
1488,2,Mobile,0,-1,-1,-1,7,2,Tue
1489,2,Desktop,0,-1,-1,-1,1,6,Sat
1490,4,Desktop,0,-1,-1,-1,1,4,Thu
1491,Google Ads,Mobile,0,-1,-1,-1,8,3,Wed
1492,3,Desktop,0,-1,-1,-1,1,2,Tue
1493,1,,0,-1,-1,-1,1,2,Tue
1494,1,Mobile,0,-1,-1,-1,5,1,Mon
1495,1,Desktop,0,-1,-1,-1,6,Sat,6
1496,1,Desktop,0,-1,-1,-1,5,1,Mon
1497,3,Mobile,0,-1,-1,-1,5,5,Fri
1498,5,Desktop,0,-1,-1,-1,6,3,Wed
1499,1,Desktop,0,-1,-1,-1,5,5,Fri
1500,1,Mobile,0,-1,-1,-1,10,5,Fri